{
  "providers": {
    "awscloudformation": {
      "AuthRoleName": "amplify-awsomenlp-stepback-175216-authRole",
      "UnauthRoleArn": "arn:aws:iam::090854337836:role/amplify-awsomenlp-stepback-175216-unauthRole",
      "AuthRoleArn": "arn:aws:iam::090854337836:role/amplify-awsomenlp-stepback-175216-authRole",
      "Region": "eu-west-1",
      "DeploymentBucketName": "amplify-awsomenlp-stepback-175216-deployment",
      "UnauthRoleName": "amplify-awsomenlp-stepback-175216-unauthRole",
      "StackName": "amplify-awsomenlp-stepback-175216",
      "StackId": "arn:aws:cloudformation:eu-west-1:090854337836:stack/amplify-awsomenlp-stepback-175216/0abd1cc0-055c-11ee-9bcc-0acc4f4782df",
      "AmplifyAppId": "dp80ryxt97csm"
    }
  },
  "api": {
    "awsomenlp": {
      "dependsOn": [],
      "output": {
        "authConfig": {
          "additionalAuthenticationProviders": [],
          "defaultAuthentication": {
            "apiKeyConfig": {
              "apiKeyExpirationDays": 7
            },
            "authenticationType": "API_KEY"
          }
        },
        "GraphQLAPIIdOutput": "govse4o5hjcflmg6lsxa4izzam",
        "GraphQLAPIEndpointOutput": "https://6vmixwa4hjb33ien3vs2wqxuaa.appsync-api.eu-west-1.amazonaws.com/graphql",
        "GraphQLAPIKeyOutput": "da2-pm2fllxjdjdxbfzhncmhfxl46m"
      },
      "providerPlugin": "awscloudformation",
      "service": "AppSync",
      "lastPushTimeStamp": "2023-06-08T16:36:24.084Z",
      "providerMetadata": {
        "s3TemplateURL": "https://s3.amazonaws.com/amplify-awsomenlp-stepback-175216-deployment/amplify-cfn-templates/api/cloudformation-template.json",
        "logicalId": "apiawsomenlp"
      },
      "lastPushDirHash": "95qrNbY152kTt+ELqyrc3TuwizA="
    }
  },
  "function": {
    "UserConfigFunction": {
      "build": true,
      "providerPlugin": "awscloudformation",
      "service": "Lambda",
      "output": {
        "LambdaExecutionRoleArn": "arn:aws:iam::090854337836:role/awsomenlpLambdaRolee754d004-stepback",
        "Region": "eu-west-1",
        "Arn": "arn:aws:lambda:eu-west-1:090854337836:function:UserConfigFunction-stepback",
        "Name": "UserConfigFunction-stepback",
        "LambdaExecutionRole": "awsomenlpLambdaRolee754d004-stepback"
      },
      "lastPushTimeStamp": "2023-06-08T16:36:24.084Z",
      "providerMetadata": {
        "s3TemplateURL": "https://s3.amazonaws.com/amplify-awsomenlp-stepback-175216-deployment/amplify-cfn-templates/function/UserConfigFunction-cloudformation-template.json",
        "logicalId": "functionUserConfigFunction"
      },
      "lastBuildTimeStamp": "2023-06-08T16:35:10.535Z",
      "lastBuildType": "PROD",
      "lastPackageTimeStamp": "2023-06-08T16:35:10.642Z",
      "distZipFilename": "UserConfigFunction-51757a42566d70756f6a-build.zip",
      "s3Bucket": {
        "deploymentBucketName": "amplify-awsomenlp-stepback-175216-deployment",
        "s3Key": "amplify-builds/UserConfigFunction-51757a42566d70756f6a-build.zip"
      },
      "lastPushDirHash": "lEUddl9ebn+5Ss6LBLi52AlHFKM="
    },
    "checkDB": {
      "build": true,
      "providerPlugin": "awscloudformation",
      "service": "Lambda",
      "output": {
        "LambdaExecutionRoleArn": "arn:aws:iam::090854337836:role/awsomenlpLambdaRoledfa28a33-stepback",
        "Region": "eu-west-1",
        "Arn": "arn:aws:lambda:eu-west-1:090854337836:function:checkDB-stepback",
        "Name": "checkDB-stepback",
        "LambdaExecutionRole": "awsomenlpLambdaRoledfa28a33-stepback"
      },
      "lastPushTimeStamp": "2023-06-08T16:36:24.084Z",
      "providerMetadata": {
        "s3TemplateURL": "https://s3.amazonaws.com/amplify-awsomenlp-stepback-175216-deployment/amplify-cfn-templates/function/checkDB-cloudformation-template.json",
        "logicalId": "functioncheckDB"
      },
      "lastBuildTimeStamp": "2023-06-08T16:35:19.115Z",
      "lastBuildType": "PROD",
      "lastPackageTimeStamp": "2023-06-08T16:35:20.794Z",
      "distZipFilename": "checkDB-785559443644756e2f56-build.zip",
      "s3Bucket": {
        "deploymentBucketName": "amplify-awsomenlp-stepback-175216-deployment",
        "s3Key": "amplify-builds/checkDB-785559443644756e2f56-build.zip"
      },
      "lastPushDirHash": "xUYD6Dun/VPnVF0EM2nvImWVtYw="
    },
    "getBlogContent": {
      "build": true,
      "providerPlugin": "awscloudformation",
      "service": "Lambda",
      "output": {
        "LambdaExecutionRoleArn": "arn:aws:iam::090854337836:role/awsomenlpLambdaRole4c31b8f7-stepback",
        "Region": "eu-west-1",
        "Arn": "arn:aws:lambda:eu-west-1:090854337836:function:getBlogContent-stepback",
        "Name": "getBlogContent-stepback",
        "LambdaExecutionRole": "awsomenlpLambdaRole4c31b8f7-stepback"
      },
      "lastPushTimeStamp": "2023-06-08T16:36:24.084Z",
      "providerMetadata": {
        "s3TemplateURL": "https://s3.amazonaws.com/amplify-awsomenlp-stepback-175216-deployment/amplify-cfn-templates/function/getBlogContent-cloudformation-template.json",
        "logicalId": "functiongetBlogContent"
      },
      "lastBuildTimeStamp": "2023-06-08T16:35:19.188Z",
      "lastBuildType": "PROD",
      "lastPackageTimeStamp": "2023-06-08T16:35:21.099Z",
      "distZipFilename": "getBlogContent-38716856475959694d5a-build.zip",
      "s3Bucket": {
        "deploymentBucketName": "amplify-awsomenlp-stepback-175216-deployment",
        "s3Key": "amplify-builds/getBlogContent-38716856475959694d5a-build.zip"
      },
      "lastPushDirHash": "Ey2cghPx2VTW7Jjt7UOZ9zerlM0="
    }
  }
}